{
    "version": "1.0",
    "explanations": {
        "kernel_shap": {
            "label0": {
                "global_shap_values": {
                    "LIMIT_BAL": 0.027095834536333494,
                    "SEX": 0.00838406268544683,
                    "EDUCATION": 0.007524450728490898,
                    "MARRIAGE": 0.010497306113588496,
                    "AGE": 0.010353923438178878,
                    "PAY_0": 0.05788385959264372,
                    "PAY_2": 0.011991863028618913,
                    "PAY_3": 0.011205881351252183,
                    "PAY_4": 0.00805696354184934,
                    "PAY_5": 0.01131897307199433,
                    "PAY_6": 0.009590199208516533,
                    "BILL_AMT1": 0.0362613530971992,
                    "BILL_AMT2": 0.011138332628265843,
                    "BILL_AMT3": 0.017525061737991267,
                    "BILL_AMT4": 0.01454860933465086,
                    "BILL_AMT5": 0.007620096043512145,
                    "BILL_AMT6": 0.012598328358320759,
                    "PAY_AMT1": 0.01817454671066212,
                    "PAY_AMT2": 0.016015236162804983,
                    "PAY_AMT3": 0.013337416355318007,
                    "PAY_AMT4": 0.010359792324053445,
                    "PAY_AMT5": 0.02256843055302369,
                    "PAY_AMT6": 0.011198773207848763
                },
                "expected_value": 0.06548190116882324
            }
        }
    }
}